<?xml version="1.0" encoding="utf-8"?>
<!--/18436649/1521601/2.50/3/2/Connector/-->
<quadcept_library>
  <setting unit="mil" />
  <textstyle name="Default" height="47.244094488189" strokewidth="7.8740157480315" charwidth="47.244094488189" />
  <textstyle name="Dimension" height="19.6850393700787" strokewidth="0" charwidth="19.6850393700787" />
  <textstyle name="H127W0635TH00762" height="50" strokewidth="3" charwidth="25" />
  <textstyle name="H15W15TH02" height="59.0551181102362" strokewidth="7.8740157480315" charwidth="59.0551181102362" />
  <padstyle name="r220_105" surface="True" plated="False" isvia="False" nopaste="False" nomask="True" complex="False" holesize="0">
    <padshape layer="TOP" shape="rectangle" width="41.338582677165" height="86.614173228345" />
    <padshape layer="TOP_SOLDER_MASK" shape="rectangle" width="49.212598425196" height="94.488188976377" />
    <padshape layer="TOP_SOLDER_PASTE" shape="rectangle" width="41.338582677165" height="86.614173228345" />
  </padstyle>
  <padstyle name="r105_100" surface="True" plated="False" isvia="False" nopaste="False" nomask="True" complex="False" holesize="0">
    <padshape layer="TOP" shape="rectangle" width="39.370078740157" height="41.338582677165" />
    <padshape layer="TOP_SOLDER_MASK" shape="rectangle" width="47.244094488188" height="49.212598425196" />
    <padshape layer="TOP_SOLDER_PASTE" shape="rectangle" width="39.370078740157" height="41.338582677165" />
  </padstyle>
  <footprint name="CONUFL001SMDT" originx="0" originy="0" pickpointx="0" pickpointy="0">
    <pcbpin number="1" name="1" style="r105_100" originx="0" originy="-60.039370078739" rotation="0" />
    <pcbpin number="2" name="2" style="r220_105" originx="58.070866141732" originy="0" rotation="0" />
    <pcbpin number="3" name="3" style="r220_105" originx="-58.070866141732" originy="0" rotation="0" />
    <line layer="TOP_ASSEMBLY" originx="-51.181102362204" originy="51.181102362204" endx="51.181102362204" endy="51.181102362204" width="3.9370078740157" />
    <line layer="TOP_ASSEMBLY" originx="51.181102362204" originy="51.181102362204" endx="51.181102362204" endy="-51.181102362204" width="3.9370078740157" />
    <line layer="TOP_ASSEMBLY" originx="51.181102362204" originy="-51.181102362204" endx="-51.181102362204" endy="-51.181102362204" width="3.9370078740157" />
    <line layer="TOP_ASSEMBLY" originx="-51.181102362204" originy="-51.181102362204" endx="-51.181102362204" endy="51.181102362204" width="3.9370078740157" />
    <line layer="TOP_PLACE_BOUND" originx="-116.14173228346" originy="110.23622047244" endx="116.14173228346" endy="110.23622047244" width="3.9370078740157" />
    <line layer="TOP_PLACE_BOUND" originx="116.14173228346" originy="110.23622047244" endx="116.14173228346" endy="-120.07874015748" width="3.9370078740157" />
    <line layer="TOP_PLACE_BOUND" originx="116.14173228346" originy="-120.07874015748" endx="-116.14173228346" endy="-120.07874015748" width="3.9370078740157" />
    <line layer="TOP_PLACE_BOUND" originx="-116.14173228346" originy="-120.07874015748" endx="-116.14173228346" endy="110.23622047244" width="3.9370078740157" />
    <line layer="TOP_SILKSCREEN" originx="0" originy="-98.425196850392" endx="0" endy="-98.425196850392" width="3.9370078740157" />
    <arc layer="TOP_SILKSCREEN" originx="1.6391087961985E-15" originy="-100.3937007874" startangle="90.0" sweepangle="180.0" radius="1.9685039370079" width="3.9370078740157" />
    <line layer="TOP_SILKSCREEN" originx="0" originy="-102.36220472441" endx="0" endy="-102.36220472441" width="3.9370078740157" />
    <arc layer="TOP_SILKSCREEN" originx="1.6391087961985E-15" originy="-100.3937007874" startangle="-90.0" sweepangle="180.0" radius="1.9685039370079" width="3.9370078740157" />
    <line layer="TOP_SILKSCREEN" originx="-23.622047244094" originy="51.181102362204" endx="23.622047244094" endy="51.181102362204" width="7.8740157480314" />
  </footprint>
  <symbol name="CONUFL001-SMD-T" originx="0" originy="0">
    <line originx="200" originy="100" endx="900" endy="100" width="0" />
    <line originx="900" originy="-200" endx="900" endy="100" width="0" />
    <line originx="900" originy="-200" endx="200" endy="-200" width="0" />
    <line originx="200" originy="100" endx="200" endy="-200" width="0" />
    <sympin number="1" originx="200" originy="0" rotation="180" length="100" width="7.8740157480315" flipped="False">
      <text name="pinname" originx="230" originy="0" style="Default" rotation="0" justify="left" flipped="False" hidden="False" data="SIG" />
      <text name="pindes" originx="140" originy="20" style="Default" rotation="0" justify="lowerright" flipped="False" hidden="False" data="1" />
    </sympin>
    <sympin number="2" originx="900" originy="-100" rotation="0" length="100" width="7.8740157480315" flipped="False">
      <text name="pinname" originx="870" originy="-100" style="Default" rotation="0" justify="right" flipped="False" hidden="False" data="GND_1" />
      <text name="pindes" originx="960" originy="-80" style="Default" rotation="0" justify="lowerleft" flipped="False" hidden="False" data="2" />
    </sympin>
    <sympin number="3" originx="900" originy="0" rotation="0" length="100" width="7.8740157480315" flipped="False">
      <text name="pinname" originx="870" originy="0" style="Default" rotation="0" justify="right" flipped="False" hidden="False" data="GND_2" />
      <text name="pindes" originx="960" originy="20" style="Default" rotation="0" justify="lowerleft" flipped="False" hidden="False" data="3" />
    </sympin>
  </symbol>
  <component name="CONUFL001-SMD-T" designatorprefix="J" height="51.181102362204" footprint="CONUFL001SMDT">
    <comppin designator="1" sympin="1" pinswap="0" gateswap="0" gate="1" group="1" side="" type="Any" name="SIG" />
    <comppin designator="2" sympin="2" pinswap="0" gateswap="0" gate="1" group="1" side="" type="Any" name="GND_1" />
    <comppin designator="3" sympin="3" pinswap="0" gateswap="0" gate="1" group="1" side="" type="Any" name="GND_2" />
    <attached_symbol gate="1" name="CONUFL001-SMD-T" />
    <pinmap designator="1" footprintpin="1" />
    <pinmap designator="2" footprintpin="2" />
    <pinmap designator="3" footprintpin="3" />
    <text name="Datasheet" originx="0" originy="0" style="Default" rotation="0" justify="" flipped="False" hidden="True" data="" />
    <text name="Description" originx="0" originy="0" style="Default" rotation="0" justify="" flipped="False" hidden="True" data="RF Connectors / Coaxial Connectors T&amp;R U.FL Straight Surface Mount Jack" />
    <text name="Mouser Part Number" originx="0" originy="0" style="Default" rotation="0" justify="" flipped="False" hidden="True" data="N/A" />
    <text name="Mouser Price/Stock" originx="0" originy="0" style="Default" rotation="0" justify="" flipped="False" hidden="True" data="https://www.mouser.co.uk/ProductDetail/TE-Connectivity/CONUFL001-SMD-T?qs=3Rah4i%252BhyCHmRzMH%252BkLkPQ%3D%3D" />
    <text name="Manufacturer_Name" originx="0" originy="0" style="Default" rotation="0" justify="" flipped="False" hidden="True" data="TE Connectivity" />
    <text name="Manufacturer_Part_Number" originx="950" originy="200" style="Default" rotation="0" justify="left" flipped="False" hidden="False" data="CONUFL001-SMD-T" />
  </component>
</quadcept_library>
