<?xml version="1.0" encoding="utf-8"?>
<!--/564705/1521601/2.50/4/2/Crystal or Oscillator/-->
<quadcept_library>
  <setting unit="mil" />
  <textstyle name="Default" height="47.244094488189" strokewidth="7.8740157480315" charwidth="47.244094488189" />
  <textstyle name="Dimension" height="19.6850393700787" strokewidth="0" charwidth="19.6850393700787" />
  <textstyle name="H127W0635TH00762" height="50" strokewidth="3" charwidth="25" />
  <textstyle name="H15W15TH02" height="59.0551181102362" strokewidth="7.8740157480315" charwidth="59.0551181102362" />
  <padstyle name="r190_130" surface="True" plated="False" isvia="False" nopaste="False" nomask="True" complex="False" holesize="0">
    <padshape layer="TOP" shape="rectangle" width="51.181102362204" height="74.803149606298" />
    <padshape layer="TOP_SOLDER_MASK" shape="rectangle" width="59.055118110235" height="82.67716535433" />
    <padshape layer="TOP_SOLDER_PASTE" shape="rectangle" width="51.181102362204" height="74.803149606298" />
  </padstyle>
  <footprint name="ABS2532768KHZT" originx="0" originy="0" pickpointx="0" pickpointy="0">
    <pcbpin number="1" name="1" style="r190_130" originx="-108.26771653543" originy="-62.992125984251" rotation="0" />
    <pcbpin number="2" name="2" style="r190_130" originx="108.26771653543" originy="-62.992125984251" rotation="0" />
    <pcbpin number="3" name="3" style="r190_130" originx="108.26771653543" originy="62.992125984251" rotation="0" />
    <pcbpin number="4" name="4" style="r190_130" originx="-108.26771653543" originy="62.992125984251" rotation="0" />
    <line layer="TOP_ASSEMBLY" originx="-165.35433070866" originy="74.803149606298" endx="165.35433070866" endy="74.803149606298" width="7.8740157480314" />
    <line layer="TOP_ASSEMBLY" originx="165.35433070866" originy="74.803149606298" endx="165.35433070866" endy="-74.803149606298" width="7.8740157480314" />
    <line layer="TOP_ASSEMBLY" originx="165.35433070866" originy="-74.803149606298" endx="-165.35433070866" endy="-74.803149606298" width="7.8740157480314" />
    <line layer="TOP_ASSEMBLY" originx="-165.35433070866" originy="-74.803149606298" endx="-165.35433070866" endy="74.803149606298" width="7.8740157480314" />
    <line layer="TOP_PLACE_BOUND" originx="-204.72440944882" originy="139.76377952756" endx="204.72440944882" endy="139.76377952756" width="3.9370078740157" />
    <line layer="TOP_PLACE_BOUND" originx="204.72440944882" originy="139.76377952756" endx="204.72440944882" endy="-139.76377952756" width="3.9370078740157" />
    <line layer="TOP_PLACE_BOUND" originx="204.72440944882" originy="-139.76377952756" endx="-204.72440944882" endy="-139.76377952756" width="3.9370078740157" />
    <line layer="TOP_PLACE_BOUND" originx="-204.72440944882" originy="-139.76377952756" endx="-204.72440944882" endy="139.76377952756" width="3.9370078740157" />
    <line layer="TOP_SILKSCREEN" originx="149.6062992126" originy="74.803149606298" endx="165.35433070866" endy="74.803149606298" width="3.9370078740157" />
    <line layer="TOP_SILKSCREEN" originx="165.35433070866" originy="74.803149606298" endx="165.35433070866" endy="-74.803149606298" width="3.9370078740157" />
    <line layer="TOP_SILKSCREEN" originx="165.35433070866" originy="-74.803149606298" endx="157.48031496063" endy="-74.803149606298" width="3.9370078740157" />
    <line layer="TOP_SILKSCREEN" originx="157.48031496063" originy="-74.803149606298" endx="149.6062992126" endy="-74.803149606298" width="3.9370078740157" />
    <line layer="TOP_SILKSCREEN" originx="-149.6062992126" originy="74.803149606298" endx="-165.35433070866" endy="74.803149606298" width="3.9370078740157" />
    <line layer="TOP_SILKSCREEN" originx="-165.35433070866" originy="74.803149606298" endx="-165.35433070866" endy="-74.803149606298" width="3.9370078740157" />
    <line layer="TOP_SILKSCREEN" originx="-165.35433070866" originy="-74.803149606298" endx="-149.6062992126" endy="-74.803149606298" width="3.9370078740157" />
    <line layer="TOP_SILKSCREEN" originx="-110.23622047244" originy="-118.11023622047" endx="-110.23622047244" endy="-118.11023622047" width="3.9370078740157" />
    <arc layer="TOP_SILKSCREEN" originx="-112.20472440945" originy="-118.11023622047" startangle=".0" sweepangle="180.0" radius="1.9685039370078" width="3.9370078740157" />
    <line layer="TOP_SILKSCREEN" originx="-114.17322834646" originy="-118.11023622047" endx="-114.17322834646" endy="-118.11023622047" width="3.9370078740157" />
    <arc layer="TOP_SILKSCREEN" originx="-112.20472440945" originy="-118.11023622047" startangle="180.0" sweepangle="180.0" radius="1.9685039370078" width="3.9370078740157" />
    <line layer="TOP_SILKSCREEN" originx="-70.866141732283" originy="-74.803149606298" endx="70.866141732283" endy="-74.803149606298" width="3.9370078740157" />
    <line layer="TOP_SILKSCREEN" originx="-70.866141732283" originy="74.803149606298" endx="70.866141732283" endy="74.803149606298" width="3.9370078740157" />
  </footprint>
  <symbol name="ABS25-32.768KHZ-T" originx="0" originy="0">
    <line originx="200" originy="100" endx="1200" endy="100" width="0" />
    <line originx="1200" originy="-200" endx="1200" endy="100" width="0" />
    <line originx="1200" originy="-200" endx="200" endy="-200" width="0" />
    <line originx="200" originy="100" endx="200" endy="-200" width="0" />
    <sympin number="1" originx="200" originy="-100" rotation="180" length="100" width="7.8740157480315" flipped="False">
      <text name="pinname" originx="230" originy="-100" style="Default" rotation="0" justify="left" flipped="False" hidden="False" data="CRYSTAL_1" />
      <text name="pindes" originx="140" originy="-80" style="Default" rotation="0" justify="lowerright" flipped="False" hidden="False" data="1" />
    </sympin>
    <sympin number="2" originx="1200" originy="-100" rotation="0" length="100" width="7.8740157480315" flipped="False">
      <text name="pinname" originx="1170" originy="-100" style="Default" rotation="0" justify="right" flipped="False" hidden="False" data="GND_1" />
      <text name="pindes" originx="1260" originy="-80" style="Default" rotation="0" justify="lowerleft" flipped="False" hidden="False" data="2" />
    </sympin>
    <sympin number="3" originx="1200" originy="0" rotation="0" length="100" width="7.8740157480315" flipped="False">
      <text name="pinname" originx="1170" originy="0" style="Default" rotation="0" justify="right" flipped="False" hidden="False" data="GND_2" />
      <text name="pindes" originx="1260" originy="20" style="Default" rotation="0" justify="lowerleft" flipped="False" hidden="False" data="3" />
    </sympin>
    <sympin number="4" originx="200" originy="0" rotation="180" length="100" width="7.8740157480315" flipped="False">
      <text name="pinname" originx="230" originy="0" style="Default" rotation="0" justify="left" flipped="False" hidden="False" data="CRYSTAL_2" />
      <text name="pindes" originx="140" originy="20" style="Default" rotation="0" justify="lowerright" flipped="False" hidden="False" data="4" />
    </sympin>
  </symbol>
  <component name="ABS25-32.768KHZ-T" designatorprefix="Y" height="102.36220472441" footprint="ABS2532768KHZT">
    <comppin designator="1" sympin="1" pinswap="0" gateswap="0" gate="1" group="1" side="" type="Any" name="CRYSTAL_1" />
    <comppin designator="2" sympin="2" pinswap="0" gateswap="0" gate="1" group="1" side="" type="Any" name="GND_1" />
    <comppin designator="3" sympin="3" pinswap="0" gateswap="0" gate="1" group="1" side="" type="Any" name="GND_2" />
    <comppin designator="4" sympin="4" pinswap="0" gateswap="0" gate="1" group="1" side="" type="Any" name="CRYSTAL_2" />
    <attached_symbol gate="1" name="ABS25-32.768KHZ-T" />
    <pinmap designator="1" footprintpin="1" />
    <pinmap designator="2" footprintpin="2" />
    <pinmap designator="3" footprintpin="3" />
    <pinmap designator="4" footprintpin="4" />
    <text name="Datasheet" originx="0" originy="0" style="Default" rotation="0" justify="" flipped="False" hidden="True" data="https://abracon.com/Resonators/abs25.pdf" />
    <text name="Description" originx="0" originy="0" style="Default" rotation="0" justify="" flipped="False" hidden="True" data="ABRACON - ABS25-32.768KHZ-T - CRYSTAL, 32.768K, 12.5PF CL 8X2.5 SMD" />
    <text name="Manufacturer_Name" originx="0" originy="0" style="Default" rotation="0" justify="" flipped="False" hidden="True" data="ABRACON" />
    <text name="Manufacturer_Part_Number" originx="1250" originy="200" style="Default" rotation="0" justify="left" flipped="False" hidden="False" data="ABS25-32.768KHZ-T" />
    <text name="Mouser Part Number" originx="0" originy="0" style="Default" rotation="0" justify="" flipped="False" hidden="True" data="815-ABS25-32.768KHZT" />
    <text name="Mouser Price/Stock" originx="0" originy="0" style="Default" rotation="0" justify="" flipped="False" hidden="True" data="https://www.mouser.co.uk/ProductDetail/ABRACON/ABS25-32.768KHZ-T?qs=2xLVn2jvFusfExB%252ByZEnpA%3D%3D" />
    <text name="Arrow Part Number" originx="0" originy="0" style="Default" rotation="0" justify="" flipped="False" hidden="True" data="ABS25-32.768KHZ-T" />
    <text name="Arrow Price/Stock" originx="0" originy="0" style="Default" rotation="0" justify="" flipped="False" hidden="True" data="https://www.arrow.com/en/products/abs25-32.768khz-t/abracon?region=europe" />
  </component>
</quadcept_library>
