<?xml version="1.0" encoding="utf-8"?>
<!--/18392334/1521601/2.50/4/3/Crystal or Oscillator/-->
<quadcept_library>
  <setting unit="mil" />
  <textstyle name="Default" height="47.244094488189" strokewidth="7.8740157480315" charwidth="47.244094488189" />
  <textstyle name="Dimension" height="19.6850393700787" strokewidth="0" charwidth="19.6850393700787" />
  <textstyle name="H127W0635TH00762" height="50" strokewidth="3" charwidth="25" />
  <textstyle name="H15W15TH02" height="59.0551181102362" strokewidth="7.8740157480315" charwidth="59.0551181102362" />
  <padstyle name="r160_70" surface="True" plated="False" isvia="False" nopaste="False" nomask="True" complex="False" holesize="0">
    <padshape layer="TOP" shape="rectangle" width="27.55905511811" height="62.992125984251" />
    <padshape layer="TOP_SOLDER_MASK" shape="rectangle" width="35.433070866141" height="70.866141732283" />
    <padshape layer="TOP_SOLDER_PASTE" shape="rectangle" width="27.55905511811" height="62.992125984251" />
  </padstyle>
  <footprint name="830003000" originx="0" originy="0" pickpointx="0" pickpointy="0">
    <pcbpin number="1" name="1" style="r160_70" originx="-108.26771653543" originy="-45.275590551181" rotation="0" />
    <pcbpin number="2" name="2" style="r160_70" originx="108.26771653543" originy="-45.275590551181" rotation="0" />
    <pcbpin number="3" name="3" style="r160_70" originx="108.26771653543" originy="45.275590551181" rotation="0" />
    <pcbpin number="4" name="4" style="r160_70" originx="-108.26771653543" originy="45.275590551181" rotation="0" />
    <line layer="TOP_ASSEMBLY" originx="-171.25984251968" originy="70.866141732283" endx="171.25984251968" endy="70.866141732283" width="3.9370078740157" />
    <line layer="TOP_ASSEMBLY" originx="171.25984251968" originy="70.866141732283" endx="171.25984251968" endy="-70.866141732283" width="3.9370078740157" />
    <line layer="TOP_ASSEMBLY" originx="171.25984251968" originy="-70.866141732283" endx="-171.25984251968" endy="-70.866141732283" width="3.9370078740157" />
    <line layer="TOP_ASSEMBLY" originx="-171.25984251968" originy="-70.866141732283" endx="-171.25984251968" endy="70.866141732283" width="3.9370078740157" />
    <line layer="TOP_PLACE_BOUND" originx="-210.62992125984" originy="116.14173228346" endx="210.62992125984" endy="116.14173228346" width="3.9370078740157" />
    <line layer="TOP_PLACE_BOUND" originx="210.62992125984" originy="116.14173228346" endx="210.62992125984" endy="-116.14173228346" width="3.9370078740157" />
    <line layer="TOP_PLACE_BOUND" originx="210.62992125984" originy="-116.14173228346" endx="-210.62992125984" endy="-116.14173228346" width="3.9370078740157" />
    <line layer="TOP_PLACE_BOUND" originx="-210.62992125984" originy="-116.14173228346" endx="-210.62992125984" endy="116.14173228346" width="3.9370078740157" />
    <line layer="TOP_SILKSCREEN" originx="-133.85826771653" originy="70.866141732283" endx="-171.25984251968" endy="70.866141732283" width="7.8740157480314" />
    <line layer="TOP_SILKSCREEN" originx="-171.25984251968" originy="70.866141732283" endx="-171.25984251968" endy="-70.866141732283" width="7.8740157480314" />
    <line layer="TOP_SILKSCREEN" originx="-171.25984251968" originy="-70.866141732283" endx="-133.85826771653" endy="-70.866141732283" width="7.8740157480314" />
    <line layer="TOP_SILKSCREEN" originx="78.740157480314" originy="70.866141732283" endx="-78.740157480314" endy="70.866141732283" width="7.8740157480314" />
    <line layer="TOP_SILKSCREEN" originx="-78.740157480314" originy="-70.866141732283" endx="78.740157480314" endy="-70.866141732283" width="7.8740157480314" />
    <line layer="TOP_SILKSCREEN" originx="133.85826771653" originy="70.866141732283" endx="171.25984251968" endy="70.866141732283" width="7.8740157480314" />
    <line layer="TOP_SILKSCREEN" originx="171.25984251968" originy="70.866141732283" endx="171.25984251968" endy="-70.866141732283" width="7.8740157480314" />
    <line layer="TOP_SILKSCREEN" originx="171.25984251968" originy="-70.866141732283" endx="133.85826771653" endy="-70.866141732283" width="7.8740157480314" />
    <line layer="TOP_SILKSCREEN" originx="-108.26771653543" originy="-94.488188976377" endx="-108.26771653543" endy="-94.488188976377" width="3.9370078740157" />
    <arc layer="TOP_SILKSCREEN" originx="-108.26771653543" originy="-96.456692913385" startangle="90.0" sweepangle="180.0" radius="1.9685039370079" width="3.9370078740157" />
    <line layer="TOP_SILKSCREEN" originx="-108.26771653543" originy="-98.425196850392" endx="-108.26771653543" endy="-98.425196850392" width="3.9370078740157" />
    <arc layer="TOP_SILKSCREEN" originx="-108.26771653543" originy="-96.456692913385" startangle="-90.0" sweepangle="180.0" radius="1.9685039370079" width="3.9370078740157" />
  </footprint>
  <symbol name="830003000" originx="0" originy="0">
    <line originx="200" originy="100" endx="1300" endy="100" width="0" />
    <line originx="1300" originy="-200" endx="1300" endy="100" width="0" />
    <line originx="1300" originy="-200" endx="200" endy="-200" width="0" />
    <line originx="200" originy="100" endx="200" endy="-200" width="0" />
    <sympin number="1" originx="200" originy="-100" rotation="180" length="100" width="7.8740157480315" flipped="False">
      <text name="pinname" originx="230" originy="-100" style="Default" rotation="0" justify="left" flipped="False" hidden="False" data="CRYSTAL__1" />
      <text name="pindes" originx="140" originy="-80" style="Default" rotation="0" justify="lowerright" flipped="False" hidden="False" data="1" />
    </sympin>
    <sympin number="2" originx="1300" originy="-100" rotation="0" length="100" width="7.8740157480315" flipped="False">
      <text name="pinname" originx="1270" originy="-100" style="Default" rotation="0" justify="right" flipped="False" hidden="False" data="N/C_1" />
      <text name="pindes" originx="1360" originy="-80" style="Default" rotation="0" justify="lowerleft" flipped="False" hidden="False" data="2" />
    </sympin>
    <sympin number="3" originx="1300" originy="0" rotation="0" length="100" width="7.8740157480315" flipped="False">
      <text name="pinname" originx="1270" originy="0" style="Default" rotation="0" justify="right" flipped="False" hidden="False" data="N/C_2" />
      <text name="pindes" originx="1360" originy="20" style="Default" rotation="0" justify="lowerleft" flipped="False" hidden="False" data="3" />
    </sympin>
    <sympin number="4" originx="200" originy="0" rotation="180" length="100" width="7.8740157480315" flipped="False">
      <text name="pinname" originx="230" originy="0" style="Default" rotation="0" justify="left" flipped="False" hidden="False" data="CRYSTAL__2" />
      <text name="pindes" originx="140" originy="20" style="Default" rotation="0" justify="lowerright" flipped="False" hidden="False" data="4" />
    </sympin>
  </symbol>
  <component name="830003000" designatorprefix="Y" height="98.425196850392" footprint="830003000">
    <comppin designator="1" sympin="1" pinswap="0" gateswap="0" gate="1" group="1" side="" type="Any" name="CRYSTAL__1" />
    <comppin designator="2" sympin="2" pinswap="0" gateswap="0" gate="1" group="1" side="" type="Any" name="N/C_1" />
    <comppin designator="3" sympin="3" pinswap="0" gateswap="0" gate="1" group="1" side="" type="Any" name="N/C_2" />
    <comppin designator="4" sympin="4" pinswap="0" gateswap="0" gate="1" group="1" side="" type="Any" name="CRYSTAL__2" />
    <attached_symbol gate="1" name="830003000" />
    <pinmap designator="1" footprintpin="1" />
    <pinmap designator="2" footprintpin="2" />
    <pinmap designator="3" footprintpin="3" />
    <pinmap designator="4" footprintpin="4" />
    <text name="Datasheet" originx="0" originy="0" style="Default" rotation="0" justify="" flipped="False" hidden="True" data="https://www.we-online.com/components/products/datasheet/830003000.pdf" />
    <text name="Description" originx="0" originy="0" style="Default" rotation="0" justify="" flipped="False" hidden="True" data="32.768 kHz +/-20ppm Crystal 12.5pF 50 kOhms 4-SOJ, 5.5mm pitch " />
    <text name="Manufacturer_Name" originx="0" originy="0" style="Default" rotation="0" justify="" flipped="False" hidden="True" data="Wurth Elektronik" />
    <text name="Manufacturer_Part_Number" originx="1350" originy="200" style="Default" rotation="0" justify="left" flipped="False" hidden="False" data="830003000" />
    <text name="Mouser Part Number" originx="0" originy="0" style="Default" rotation="0" justify="" flipped="False" hidden="True" data="710-830003000" />
    <text name="Mouser Price/Stock" originx="0" originy="0" style="Default" rotation="0" justify="" flipped="False" hidden="True" data="https://www.mouser.co.uk/ProductDetail/Wurth-Elektronik/830003000?qs=2WXlatMagcFgTyBqolG%2Fpw%3D%3D" />
    <text name="Arrow Part Number" originx="0" originy="0" style="Default" rotation="0" justify="" flipped="False" hidden="True" data="" />
    <text name="Arrow Price/Stock" originx="0" originy="0" style="Default" rotation="0" justify="" flipped="False" hidden="True" data="" />
  </component>
</quadcept_library>
