<?xml version="1.0" encoding="utf-8"?>
<!--/693368/1521601/2.50/9/2/Connector/-->
<quadcept_library>
  <setting unit="mil" />
  <textstyle name="Default" height="47.244094488189" strokewidth="7.8740157480315" charwidth="47.244094488189" />
  <textstyle name="Dimension" height="19.6850393700787" strokewidth="0" charwidth="19.6850393700787" />
  <textstyle name="H127W0635TH00762" height="50" strokewidth="3" charwidth="25" />
  <textstyle name="H15W15TH02" height="59.0551181102362" strokewidth="7.8740157480315" charwidth="59.0551181102362" />
  <padstyle name="r140_40" surface="True" plated="False" isvia="False" nopaste="False" nomask="True" complex="False" holesize="0">
    <padshape layer="TOP" shape="rectangle" width="15.748031496063" height="55.11811023622" />
    <padshape layer="TOP_SOLDER_MASK" shape="rectangle" width="23.622047244094" height="62.992125984251" />
    <padshape layer="TOP_SOLDER_PASTE" shape="rectangle" width="15.748031496063" height="55.11811023622" />
  </padstyle>
  <padstyle name="c319.5_h213" surface="False" plated="True" isvia="False" nopaste="True" nomask="True" complex="False" holesize="83.858267716534">
    <padshape layer="TOP" shape="round" width="125.7874015748" height="125.7874015748" />
    <padshape layer="TOP_SOLDER_MASK" shape="round" width="133.66141732283" height="133.66141732283" />
    <padshape layer="INNER" shape="round" width="125.7874015748" height="125.7874015748" />
    <padshape layer="BOTTOM" shape="round" width="125.7874015748" height="125.7874015748" />
    <padshape layer="BOTTOM_SOLDER_MASK" shape="round" width="133.66141732283" height="133.66141732283" />
  </padstyle>
  <padstyle name="c429_h286" surface="False" plated="True" isvia="False" nopaste="True" nomask="True" complex="False" holesize="112.59842519685">
    <padshape layer="TOP" shape="round" width="168.89763779527" height="168.89763779527" />
    <padshape layer="TOP_SOLDER_MASK" shape="round" width="176.7716535433" height="176.7716535433" />
    <padshape layer="INNER" shape="round" width="168.89763779527" height="168.89763779527" />
    <padshape layer="BOTTOM" shape="round" width="168.89763779527" height="168.89763779527" />
    <padshape layer="BOTTOM_SOLDER_MASK" shape="round" width="176.7716535433" height="176.7716535433" />
  </padstyle>
  <footprint name="21344412" originx="0" originy="0" pickpointx="0" pickpointy="0">
    <pcbpin number="1" name="1" style="r140_40" originx="51.181102362204" originy="175.1968503937" rotation="0" />
    <pcbpin number="2" name="2" style="r140_40" originx="25.590551181102" originy="175.1968503937" rotation="0" />
    <pcbpin number="3" name="3" style="r140_40" originx="0" originy="175.1968503937" rotation="0" />
    <pcbpin number="4" name="4" style="r140_40" originx="-25.590551181102" originy="175.1968503937" rotation="0" />
    <pcbpin number="5" name="5" style="r140_40" originx="-51.181102362204" originy="175.1968503937" rotation="0" />
    <pcbpin number="6" name="MH1" style="c319.5_h213" originx="-191.92913385827" originy="157.48031496063" rotation="90" />
    <pcbpin number="7" name="MH2" style="c319.5_h213" originx="191.92913385827" originy="157.48031496063" rotation="90" />
    <pcbpin number="8" name="MH3" style="c429_h286" originx="-191.92913385827" originy="0" rotation="90" />
    <pcbpin number="9" name="MH4" style="c429_h286" originx="191.92913385827" originy="0" rotation="90" />
    <line layer="TOP_ASSEMBLY" originx="-200.7874015748" originy="179.13385826771" endx="200.7874015748" endy="179.13385826771" width="3.9370078740157" />
    <line layer="TOP_ASSEMBLY" originx="200.7874015748" originy="179.13385826771" endx="200.7874015748" endy="-76.771653543306" width="3.9370078740157" />
    <line layer="TOP_ASSEMBLY" originx="200.7874015748" originy="-76.771653543306" endx="-200.7874015748" endy="-76.771653543306" width="3.9370078740157" />
    <line layer="TOP_ASSEMBLY" originx="-200.7874015748" originy="-76.771653543306" endx="-200.7874015748" endy="179.13385826771" width="3.9370078740157" />
    <line layer="TOP_PLACE_BOUND" originx="-315.74803149606" originy="259.84251968504" endx="315.74803149606" endy="259.84251968504" width="3.9370078740157" />
    <line layer="TOP_PLACE_BOUND" originx="315.74803149606" originy="259.84251968504" endx="315.74803149606" endy="-123.81889763779" width="3.9370078740157" />
    <line layer="TOP_PLACE_BOUND" originx="315.74803149606" originy="-123.81889763779" endx="-315.74803149606" endy="-123.81889763779" width="3.9370078740157" />
    <line layer="TOP_PLACE_BOUND" originx="-315.74803149606" originy="-123.81889763779" endx="-315.74803149606" endy="259.84251968504" width="3.9370078740157" />
    <line layer="TOP_SILKSCREEN" originx="51.181102362204" originy="216.53543307086" endx="51.181102362204" endy="216.53543307086" width="7.8740157480314" />
    <arc layer="TOP_SILKSCREEN" originx="51.181102362204" originy="220.47244094488" startangle="-90.0" sweepangle="180.0" radius="3.9370078740157" width="7.8740157480314" />
    <line layer="TOP_SILKSCREEN" originx="51.181102362204" originy="224.40944881889" endx="51.181102362204" endy="224.40944881889" width="7.8740157480314" />
    <arc layer="TOP_SILKSCREEN" originx="51.181102362204" originy="220.47244094488" startangle="90.0" sweepangle="180.0" radius="3.9370078740157" width="7.8740157480314" />
    <line layer="TOP_SILKSCREEN" originx="-129.92125984252" originy="-76.771653543306" endx="129.92125984252" endy="-76.771653543306" width="7.8740157480314" />
  </footprint>
  <symbol name="2134441-2" originx="0" originy="0">
    <line originx="200" originy="100" endx="700" endy="100" width="0" />
    <line originx="700" originy="-500" endx="700" endy="100" width="0" />
    <line originx="700" originy="-500" endx="200" endy="-500" width="0" />
    <line originx="200" originy="100" endx="200" endy="-500" width="0" />
    <sympin number="1" originx="200" originy="0" rotation="180" length="100" width="7.8740157480315" flipped="False">
      <text name="pinname" originx="230" originy="0" style="Default" rotation="0" justify="left" flipped="False" hidden="False" data="1" />
      <text name="pindes" originx="140" originy="20" style="Default" rotation="0" justify="lowerright" flipped="False" hidden="False" data="1" />
    </sympin>
    <sympin number="2" originx="200" originy="-100" rotation="180" length="100" width="7.8740157480315" flipped="False">
      <text name="pinname" originx="230" originy="-100" style="Default" rotation="0" justify="left" flipped="False" hidden="False" data="2" />
      <text name="pindes" originx="140" originy="-80" style="Default" rotation="0" justify="lowerright" flipped="False" hidden="False" data="2" />
    </sympin>
    <sympin number="3" originx="200" originy="-200" rotation="180" length="100" width="7.8740157480315" flipped="False">
      <text name="pinname" originx="230" originy="-200" style="Default" rotation="0" justify="left" flipped="False" hidden="False" data="3" />
      <text name="pindes" originx="140" originy="-180" style="Default" rotation="0" justify="lowerright" flipped="False" hidden="False" data="3" />
    </sympin>
    <sympin number="4" originx="200" originy="-300" rotation="180" length="100" width="7.8740157480315" flipped="False">
      <text name="pinname" originx="230" originy="-300" style="Default" rotation="0" justify="left" flipped="False" hidden="False" data="4" />
      <text name="pindes" originx="140" originy="-280" style="Default" rotation="0" justify="lowerright" flipped="False" hidden="False" data="4" />
    </sympin>
    <sympin number="5" originx="200" originy="-400" rotation="180" length="100" width="7.8740157480315" flipped="False">
      <text name="pinname" originx="230" originy="-400" style="Default" rotation="0" justify="left" flipped="False" hidden="False" data="5" />
      <text name="pindes" originx="140" originy="-380" style="Default" rotation="0" justify="lowerright" flipped="False" hidden="False" data="5" />
    </sympin>
    <sympin number="6" originx="700" originy="0" rotation="0" length="100" width="7.8740157480315" flipped="False">
      <text name="pinname" originx="670" originy="0" style="Default" rotation="0" justify="right" flipped="False" hidden="False" data="MH1" />
      <text name="pindes" originx="760" originy="20" style="Default" rotation="0" justify="lowerleft" flipped="False" hidden="False" data="MH1" />
    </sympin>
    <sympin number="7" originx="700" originy="-100" rotation="0" length="100" width="7.8740157480315" flipped="False">
      <text name="pinname" originx="670" originy="-100" style="Default" rotation="0" justify="right" flipped="False" hidden="False" data="MH2" />
      <text name="pindes" originx="760" originy="-80" style="Default" rotation="0" justify="lowerleft" flipped="False" hidden="False" data="MH2" />
    </sympin>
    <sympin number="8" originx="700" originy="-200" rotation="0" length="100" width="7.8740157480315" flipped="False">
      <text name="pinname" originx="670" originy="-200" style="Default" rotation="0" justify="right" flipped="False" hidden="False" data="MH3" />
      <text name="pindes" originx="760" originy="-180" style="Default" rotation="0" justify="lowerleft" flipped="False" hidden="False" data="MH3" />
    </sympin>
    <sympin number="9" originx="700" originy="-300" rotation="0" length="100" width="7.8740157480315" flipped="False">
      <text name="pinname" originx="670" originy="-300" style="Default" rotation="0" justify="right" flipped="False" hidden="False" data="MH4" />
      <text name="pindes" originx="760" originy="-280" style="Default" rotation="0" justify="lowerleft" flipped="False" hidden="False" data="MH4" />
    </sympin>
  </symbol>
  <component name="2134441-2" designatorprefix="J" height="74.803149606298" footprint="21344412">
    <comppin designator="1" sympin="1" pinswap="0" gateswap="0" gate="1" group="1" side="" type="Any" name="1" />
    <comppin designator="2" sympin="2" pinswap="0" gateswap="0" gate="1" group="1" side="" type="Any" name="2" />
    <comppin designator="3" sympin="3" pinswap="0" gateswap="0" gate="1" group="1" side="" type="Any" name="3" />
    <comppin designator="4" sympin="4" pinswap="0" gateswap="0" gate="1" group="1" side="" type="Any" name="4" />
    <comppin designator="5" sympin="5" pinswap="0" gateswap="0" gate="1" group="1" side="" type="Any" name="5" />
    <comppin designator="MH1" sympin="6" pinswap="0" gateswap="0" gate="1" group="1" side="" type="Any" name="MH1" />
    <comppin designator="MH2" sympin="7" pinswap="0" gateswap="0" gate="1" group="1" side="" type="Any" name="MH2" />
    <comppin designator="MH3" sympin="8" pinswap="0" gateswap="0" gate="1" group="1" side="" type="Any" name="MH3" />
    <comppin designator="MH4" sympin="9" pinswap="0" gateswap="0" gate="1" group="1" side="" type="Any" name="MH4" />
    <attached_symbol gate="1" name="2134441-2" />
    <pinmap designator="1" footprintpin="1" />
    <pinmap designator="2" footprintpin="2" />
    <pinmap designator="3" footprintpin="3" />
    <pinmap designator="4" footprintpin="4" />
    <pinmap designator="5" footprintpin="5" />
    <pinmap designator="MH1" footprintpin="6" />
    <pinmap designator="MH2" footprintpin="7" />
    <pinmap designator="MH3" footprintpin="8" />
    <pinmap designator="MH4" footprintpin="9" />
    <text name="Datasheet" originx="0" originy="0" style="Default" rotation="0" justify="" flipped="False" hidden="True" data="https://www.te.com/commerce/DocumentDelivery/DDEController?Action=srchrtrv&amp;DocNm=5-1773464-3&amp;DocType=Data Sheet&amp;DocLang=English&amp;PartCntxt=2134441-2&amp;DocFormat=pdf" />
    <text name="Description" originx="0" originy="0" style="Default" rotation="0" justify="" flipped="False" hidden="True" data="Body Features: Offset .88 MM | Shell Plating Material Tin over Nickel | Shell Plating Finish Matte | Connector Profile Micro | Configuration Features: Number of Positions 5 | Number of Ports 1 | Contact Features: Contact Mating Area Plating Material Thickness .76 MICM | Contact Current Rating (Max) 1.8 AMP | Contact Mating Area Plating Material Gold | Contact Mating Area Plating Material Thickness 29.52 MICIN | Dimensions: PCB Thickness (Recommended) .8  1. MM | PCB Thickness (Recommended) .031  .039 " />
    <text name="Manufacturer_Name" originx="0" originy="0" style="Default" rotation="0" justify="" flipped="False" hidden="True" data="TE Connectivity" />
    <text name="Manufacturer_Part_Number" originx="750" originy="200" style="Default" rotation="0" justify="left" flipped="False" hidden="False" data="2134441-2" />
    <text name="Mouser Part Number" originx="0" originy="0" style="Default" rotation="0" justify="" flipped="False" hidden="True" data="571-2134441-2" />
    <text name="Mouser Price/Stock" originx="0" originy="0" style="Default" rotation="0" justify="" flipped="False" hidden="True" data="https://www.mouser.co.uk/ProductDetail/TE-Connectivity/2134441-2?qs=kAqyOuzYGe%252Bz%252BAPK%2FThl2g%3D%3D" />
    <text name="Arrow Part Number" originx="0" originy="0" style="Default" rotation="0" justify="" flipped="False" hidden="True" data="2134441-2" />
    <text name="Arrow Price/Stock" originx="0" originy="0" style="Default" rotation="0" justify="" flipped="False" hidden="True" data="https://www.arrow.com/en/products/2134441-2/te-connectivity?region=nac" />
  </component>
</quadcept_library>
